uuid,source_id,source,default_meal,selected_meal,eaten_meal,diet,diet_text,race,race_text,ethnicity,gender,age,role,is_satisfied,veg_is_important,importance_reason
739d5d20-c98c-45ac-b47d-c0816fe8ec33,1,asu_convocation,meat,veg,,written,,white,,not hispanic or latinx,female,25-34,staff,,,
5922921a-f640-44e2-80e3-b39b769126d9,2,asu_convocation,meat,meat,,omnivore,,white,,not hispanic or latinx,female,25-34,staff,,,
0962d2e4-0453-481f-8843-6e6abd76d4ce,3,asu_convocation,meat,veg,veg,pescatarian,,white,,not hispanic or latinx,female,35-44,staff,,strongly_agree,
bf6b8b50-21e5-453b-a1c8-dafdc1c9e092,4,asu_convocation,meat,meat,,omnivore,,white,,not hispanic or latinx,male,45-54,staff,,,
4dc5c8a3-52ec-4c42-bcd8-8fe28bfffb41,5,asu_convocation,meat,meat,,omnivore,,asian,,not hispanic or latinx,female,45-54,staff,,,
7bbc3f21-db06-408f-945b-cd2a820861b8,6,asu_convocation,meat,meat,,omnivore,,white,,not hispanic or latinx,female,35-44,staff,,,
b37c961f-7975-4d7d-940d-f97af0f75bdf,7,asu_convocation,meat,meat,meat,omnivore,,white,,not hispanic or latinx,female,25-34,staff,,disagree,
4a437998-ab01-4c71-bc6b-638eeb389b24,8,asu_convocation,meat,meat,meat,written,Gluten free,white,,not hispanic or latinx,female,25-34,staff,,strongly_disagree,
700f8618-fc22-4d83-a337-c29f630831d7,9,asu_convocation,meat,meat,,written,Carnivore,white,,not hispanic or latinx,male,45-54,staff,,,
cc939867-9f9f-47ac-ad06-e0b65364f5a8,10,asu_convocation,meat,meat,,omnivore,,white,,not hispanic or latinx,male,25-34,staff,,,
f7c76c06-6e57-4ff0-9fb5-b6f147f3feb9,11,asu_convocation,meat,veg,veg,pescatarian,,white,,not hispanic or latinx,female,45-54,staff,,agree,
d285b1a4-1207-4d64-adae-a3a342cbf136,12,asu_convocation,meat,meat,,omnivore,,white,,hispanic or latinx,female,35-44,staff,,,
9e12ef2f-2018-442c-a566-4cfa93a112be,13,asu_convocation,meat,meat,meat,omnivore,,white,,not hispanic or latinx,male,45-54,staff,,disagree,
86529a9f-498d-4ae6-bf67-a240445589f9,14,asu_convocation,meat,meat,,omnivore,,white,,not hispanic or latinx,female,25-34,staff,,,
5cc99c3c-9205-411d-8aba-5e6ce1eec1b0,15,asu_convocation,meat,meat,meat,omnivore,,,,not hispanic or latinx,,55-64,staff,,strongly_disagree,
36d69625-3f29-4197-a230-e2f022ea62b4,16,asu_convocation,meat,veg,veg,pescatarian,,white,,,female,35-44,staff,,strongly_agree,
fa5dbfc4-198c-4cb2-bbee-43ff02ea4ebe,17,asu_convocation,meat,meat,meat,omnivore,,,,hispanic or latinx,female,25-34,staff,,agree,
870aeb22-9d12-408e-8389-62febec6e0e0,18,asu_convocation,meat,veg,,omnivore,,white,,hispanic or latinx,female,25-34,staff,,,
456e9901-2cc7-4f68-a5fa-8b361474f53d,19,asu_convocation,meat,veg,,pescatarian,,,,not hispanic or latinx,male,35-44,staff,,,
924ebd31-4534-4687-9a44-e6b64069d2d0,20,asu_convocation,meat,meat,meat,omnivore,,white,,hispanic or latinx,female,35-44,staff,,agree,
fcfcf508-48ee-4b9b-b3bb-9498d7d4a9c6,21,asu_convocation,meat,meat,,omnivore,,,,hispanic or latinx,male,25-34,staff,,,
315133e7-1bb4-4b0a-b82c-26273d7896c5,22,asu_convocation,veg,meat,,omnivore,,white,,not hispanic or latinx,female,25-34,staff,,,
ba712ffa-df69-4f7d-a89c-a0b1b78091b5,23,asu_convocation,veg,veg,veg,omnivore,,white,,not hispanic or latinx,female,35-44,staff,,disagree,
7dd8c1ea-fc49-47f0-a61b-37a3bf8e134e,24,asu_convocation,veg,meat,meat,omnivore,,written,Multi,hispanic or latinx,female,25-34,staff,,strongly_disagree,
3f92b50a-7648-4cc9-b9c3-74eea58f7a60,25,asu_convocation,veg,veg,,omnivore,,white,,not hispanic or latinx,female,18-24,staff,,,
2998b48c-4ca4-4142-89f9-1040a46917ba,26,asu_convocation,veg,veg,,written,I have gluten and dairy allergies,white,,,female,45-54,staff,,,
78edea17-1086-4417-973f-1f6cc0f12623,27,asu_convocation,veg,meat,meat,omnivore,,white,,not hispanic or latinx,male,25-34,staff,,strongly_disagree,
5db6c5d9-cc48-4fee-9d1e-08158233a56a,28,asu_convocation,veg,veg,,omnivore,,white,,not hispanic or latinx,female,25-34,staff,,,
d638a464-e3d4-4a4c-9a2e-38ce1e37a264,29,asu_convocation,veg,meat,,written,Carnivore all the way!,white,,not hispanic or latinx,female,65-74,staff,,,
e2ab3b25-62cb-444a-ae75-f242f01882b4,30,asu_convocation,veg,meat,meat,omnivore,,white,,hispanic or latinx,male,25-34,staff,,disagree,
2ae10a21-6f40-44d2-8b51-e6840c89f064,31,asu_convocation,veg,meat,,omnivore,,white,,hispanic or latinx,female,55-64,staff,,,
0f0cf317-b673-47de-8867-42cfbdbb63a7,32,asu_convocation,veg,veg,veg,vegetarian,,white,,not hispanic or latinx,female,45-54,staff,,strongly_agree,
025d24f3-b900-4713-a93e-ab7824b4d83b,33,asu_convocation,veg,veg,veg,omnivore,,white,,not hispanic or latinx,female,55-64,staff,,disagree,
79f304bd-6d3a-45cd-9185-b175c6541ca4,34,asu_convocation,veg,veg,veg,omnivore,,written,,not hispanic or latinx,female,25-34,staff,,disagree,
6cd755cd-76fc-4126-bab4-da8fbb8e3448,35,asu_convocation,veg,veg,,pescatarian,,white,,not hispanic or latinx,female,35-44,staff,,,
782f6847-0091-4640-a6fe-5876ef72bd05,36,asu_convocation,veg,meat,meat,omnivore,,white,,not hispanic or latinx,female,18-24,staff,,strongly_disagree,
762f35c1-8af3-44a6-becd-eef06b9bd569,37,asu_convocation,veg,meat,,omnivore,,white,,not hispanic or latinx,male,35-44,staff,,,
90a14724-946d-432a-97d1-02ae21f43bfa,38,asu_convocation,veg,meat,,omnivore,,white,,not hispanic or latinx,female,45-54,staff,,,
44a4c801-fa60-488c-8108-d24461f48929,39,asu_convocation,veg,meat,meat,omnivore,,white,,not hispanic or latinx,male,35-44,staff,,strongly_disagree,
65f132d0-9490-41bf-8877-1e3dc118af65,40,asu_convocation,veg,veg,veg,omnivore,,,,,female,55-64,,,strongly_disagree,
d318d852-5f08-4a28-8eb9-41ebbab45680,41,asu_convocation,veg,meat,,,,,,,,,,,,
04c6e880-f2e9-40db-9d50-c2f315019224,42,asu_convocation,veg,meat,,,,,,,,,,,,
be4634eb-8fee-40e7-a8fa-d6a68a52f03a,43,asu_convocation,veg,veg,,,,,,,,,,,,
3b1a1df6-06c0-4e7d-9458-d582325362f8,44,asu_convocation,veg,meat,meat,,,,,,,,,,strongly_agree,
658eb9a8-4820-4b5b-9825-47ce21fde809,45,asu_convocation,meat,meat,meat,,,,,,,,,,strongly_disagree,
04018713-280c-4adf-a1d7-85dd08b7b38d,46,asu_convocation,meat,meat,meat,,,,,,,,,,disagree,
814b287a-793d-4b4e-b9b5-9a936e578d77,1,asu_research_day,meat,meat,meat,omnivore,None of the above,white,,not hispanic or latinx,,35-44,faculty,,disagree,
a9ee1cd1-ce3b-495b-89d2-71bd45c9fd96,2,asu_research_day,meat,veg,,omnivore,None of the above,white,,not hispanic or latinx,,25-34,graduate_student,,,
8f0e7d58-40b2-4bff-b107-8660b9fabb39,3,asu_research_day,veg,veg,veg,omnivore,None of the above,asian,,not hispanic or latinx,,35-44,faculty,,disagree,
0683cf43-f5d0-4f98-ba04-29deb5fe6121,4,asu_research_day,veg,meat,,omnivore,None of the above,,,not hispanic or latinx,,25-34,staff,,,
f6739d3f-bbc5-4d5d-86b3-aa964d989184,5,asu_research_day,meat,meat,,omnivore,None of the above,white,,not hispanic or latinx,,25-34,graduate_student,,,
a38f24db-48c5-43bb-b556-1c12014e619a,6,asu_research_day,veg,veg,veg,omnivore,None of the above,white,,not hispanic or latinx,,45-54,faculty,,strongly_disagree,
d92a9448-2d50-4cc6-a597-763e0f15b572,7,asu_research_day,veg,veg,veg,vegan,Vegan,white,,not hispanic or latinx,,35-44,graduate_student,,strongly_agree,
c0d10004-974b-47a6-8453-f27633d2f5b2,8,asu_research_day,veg,veg,veg,,,,,,,,,,disagree,
fcd6b9b4-c64b-411f-90fa-1a7ef981bdaf,9,asu_research_day,veg,veg,,,,,,,,,,,,
37a7926b-207a-4b51-9dae-d11ad74eaae4,10,asu_research_day,meat,veg,veg,vegetarian,Vegetarian,white,,not hispanic or latinx,,35-44,faculty,,strongly_agree,
1e5af6de-66c5-47a0-80c7-08f1c797bcd6,11,asu_research_day,veg,veg,meat,written,Other,asian,,not hispanic or latinx,,25-34,graduate_student,,disagree,
2fa3f027-6965-4028-9902-031a2ee2137b,12,asu_research_day,veg,veg,veg,,,,,,,,,,strongly_agree,
77785f54-0842-4ce5-842b-8cd4c0d5a31b,13,asu_research_day,veg,meat,,omnivore,None of the above,white,,hispanic or latinx,,45-54,staff,,,
23216f94-99f9-429d-8088-e7f83edc718c,14,asu_research_day,veg,veg,,omnivore,None of the above,,,not hispanic or latinx,,45-54,,,,
725980c1-5421-4631-96f1-e5178d6af1b0,15,asu_research_day,veg,meat,,omnivore,None of the above,asian,,hispanic or latinx,,18-24,undergraduate_student,,,
79dfd350-c9cc-4e88-ae58-93eb933d18d5,16,asu_research_day,veg,veg,,omnivore,None of the above,,,not hispanic or latinx,,45-54,staff,,,
6f3dc980-ecb4-4b38-accd-fba9d1133fec,17,asu_research_day,meat,veg,,pescatarian,Pescatarian,white,,not hispanic or latinx,,35-44,faculty,,,
992716f0-c7b9-42d5-839b-0cb32455b22d,18,asu_research_day,meat,meat,meat,omnivore,None of the above,,,,,,staff,,disagree,
e151938c-1a47-4e2d-8ba9-7cec2a34b176,19,asu_research_day,meat,meat,,omnivore,None of the above,white,,not hispanic or latinx,,35-44,faculty,,,
f3fe3832-12d9-4290-b579-2a399a2bf0c3,20,asu_research_day,meat,meat,veg,omnivore,None of the above,white,,hispanic or latinx,,45-54,faculty,,agree,
9e46448c-6a20-4f0b-978b-0bd904e0702d,21,asu_research_day,meat,veg,veg,pescatarian,Pescatarian,white,,not hispanic or latinx,,35-44,faculty,,agree,
3bbf5e95-6647-420b-b46c-7912ba58b007,22,asu_research_day,meat,veg,veg,vegetarian,Vegetarian,white,,not hispanic or latinx,,25-34,staff,,agree,
11258d5b-eea6-4e47-96ce-21ff74494a92,23,asu_research_day,veg,meat,meat,,,asian,,not hispanic or latinx,,55-64,staff,,strongly_agree,
3da42b14-9421-4fae-b65d-58889c634206,24,asu_research_day,meat,meat,,omnivore,None of the above,white,,,,25-34,,,,
17cbbc3b-8d0c-4ead-b84e-d99693da6acd,25,asu_research_day,meat,meat,meat,written,Other,white,,not hispanic or latinx,,45-54,,,strongly_disagree,
8112ef97-618d-490f-9b67-62444297bc88,26,asu_research_day,veg,meat,,omnivore,None of the above,,,,,,,,,
ed22add8-0395-4b54-884e-44f72ba034b6,27,asu_research_day,veg,veg,veg,written,Other,white,,hispanic or latinx,,35-44,faculty,,strongly_agree,
bc0d7aa7-f6b7-4ef9-86d5-94eb46805720,28,asu_research_day,meat,veg,,vegetarian,Vegetarian,white,,hispanic or latinx,,18-24,,,,
bb047ea6-e61d-40bd-8648-5295cc881319,29,asu_research_day,meat,meat,meat,omnivore,None of the above,white,,not hispanic or latinx,,35-44,faculty,,strongly_disagree,
37b222ec-72ca-44ac-9c71-99b8ecc40e38,30,asu_research_day,meat,veg,veg,vegan,Vegan,white,,not hispanic or latinx,,18-24,graduate_student,,agree,
229a7dc1-1455-4360-b72d-0425fb5b1522,31,asu_research_day,meat,veg,veg,vegetarian,Vegetarian,asian,,not hispanic or latinx,,25-34,graduate_student,,strongly_agree,
3e5c8ba0-6b40-4fe9-9984-99111093efdd,32,asu_research_day,meat,meat,,omnivore,None of the above,white,,hispanic or latinx,,25-34,staff,,,
637a21ad-1a7b-40ee-ae4b-d2bd94334eaa,33,asu_research_day,meat,veg,,omnivore,None of the above,asian,,not hispanic or latinx,,25-34,graduate_student,,,
20836285-fb14-4247-b928-612d76b228cf,34,asu_research_day,veg,veg,,omnivore,None of the above,asian,,not hispanic or latinx,,18-24,graduate_student,,,
6ac4d39d-5a95-4b3f-bf45-6151f7af0bc6,35,asu_research_day,meat,meat,meat,omnivore,None of the above,white,,not hispanic or latinx,,25-34,staff,,agree,
b83133de-03fa-4388-8922-8fbbdfe60ec3,36,asu_research_day,veg,meat,meat,omnivore,None of the above,white,,,,25-34,graduate_student,,strongly_agree,
a29fe2a3-eb01-4596-8c02-c51db5c80444,37,asu_research_day,meat,meat,meat,written,Other,white,,not hispanic or latinx,,45-54,,,strongly_disagree,
099a20a0-7a6e-4b40-a21c-24bf21cb1684,38,asu_research_day,veg,veg,,omnivore,None of the above,white,,not hispanic or latinx,,35-44,staff,,,
e1295d86-81e3-4c35-8750-a2cc28ba2f8e,39,asu_research_day,veg,meat,meat,omnivore,None of the above,white,,hispanic or latinx,,25-34,graduate_student,,disagree,
43e01443-bfa2-4a00-8778-03d5f5ee5556,40,asu_research_day,veg,veg,veg,omnivore,None of the above,asian,,not hispanic or latinx,,25-34,graduate_student,,strongly_disagree,
02b0c872-b0d3-489e-8b44-d05da2072616,41,asu_research_day,veg,veg,veg,omnivore,None of the above,white,,not hispanic or latinx,,35-44,graduate_student,,agree,
eec5e6c5-e116-4eef-a061-924ea62cdb2a,42,asu_research_day,veg,meat,meat,omnivore,None of the above,white,,hispanic or latinx,,Under 18,,,disagree,
5f258569-52fd-4e95-856f-187ebc80ff9f,43,asu_research_day,meat,meat,meat,omnivore,None of the above,asian,,not hispanic or latinx,,25-34,graduate_student,,disagree,
70ce2641-9d27-43e2-821e-02a5067fd22d,44,asu_research_day,veg,meat,veg,omnivore,None of the above,asian,,not hispanic or latinx,,25-34,staff,,disagree,
1f3d77ab-84bd-4e77-8b12-4ea76c877025,45,asu_research_day,meat,meat,meat,omnivore,None of the above,white,,not hispanic or latinx,,45-54,faculty,,disagree,
2d50505d-8ac4-4077-b2d9-088cc5cb8d01,46,asu_research_day,veg,meat,,omnivore,None of the above,,,hispanic or latinx,,35-44,graduate_student,,,
596c11a6-d8c9-4e8a-98d0-57fa6c510d90,47,asu_research_day,veg,veg,,omnivore,None of the above,white,,not hispanic or latinx,,25-34,,,,
cedab167-aa19-4e09-9a60-06360e001efe,48,asu_research_day,meat,meat,,omnivore,None of the above,white,,not hispanic or latinx,,18-24,undergraduate_student,,,
80442b94-6ebf-4945-8d96-2d35ce4b1c76,49,asu_research_day,meat,meat,,omnivore,None of the above,white,,not hispanic or latinx,,18-24,undergraduate_student,,,
a587bb6e-64a6-4dc4-aa0a-3a687dc8814e,50,asu_research_day,veg,veg,,omnivore,None of the above,white,,hispanic or latinx,,Under 18,,,,
10a86e1b-7016-472d-bb91-eef2e891523c,51,asu_research_day,meat,meat,meat,omnivore,None of the above,,,not hispanic or latinx,,25-34,staff,,agree,
af1a6732-5ab2-449d-9ef1-41adf0e4a3ec,52,asu_research_day,veg,veg,veg,omnivore,None of the above,asian,,not hispanic or latinx,,25-34,faculty,,strongly_disagree,
322d73b9-3442-49bb-9e31-66b2a08a0521,53,asu_research_day,meat,meat,veg,omnivore,None of the above,,,not hispanic or latinx,,45-54,,,disagree,
3fad39f5-33ec-49ad-8166-5f444ac2cd8f,54,asu_research_day,veg,veg,,omnivore,None of the above,white,,not hispanic or latinx,,25-34,graduate_student,,,
95c9212c-443f-45a0-9c71-505bd73bbe9f,55,asu_research_day,veg,,meat,,,,,,,,,,disagree,
5ea2967e-d797-4e9a-91d7-ced584448630,56,asu_research_day,meat,meat,,omnivore,None of the above,white,,not hispanic or latinx,,25-34,graduate_student,,,
2aa70917-832a-4b62-a623-450e8f7769c6,57,asu_research_day,veg,veg,veg,omnivore,None of the above,white,,hispanic or latinx,,18-24,staff,,disagree,
93d1313b-9f6c-43ef-9a85-522608906fe9,58,asu_research_day,veg,meat,,omnivore,None of the above,white,,not hispanic or latinx,,55-64,faculty,,,
9ae8b857-9d4d-4ed0-97de-58ff7a19c72f,59,asu_research_day,veg,meat,meat,omnivore,None of the above,written,,,,25-34,graduate_student,,disagree,
7e8206de-448c-4768-83be-82ce1718f40a,60,asu_research_day,veg,meat,,omnivore,None of the above,white,,hispanic or latinx,,25-34,staff,,,
6b5fb203-d7d9-497b-898f-1b5784b054a4,61,asu_research_day,veg,meat,,omnivore,None of the above,,,not hispanic or latinx,,35-44,staff,,,
f0f29b5a-0ca5-43b3-8b05-58b49cac206b,62,asu_research_day,veg,veg,veg,omnivore,None of the above,,,not hispanic or latinx,,45-54,faculty,,agree,
6790881a-25ee-4409-b133-36cdd80ac853,63,asu_research_day,meat,meat,meat,omnivore,None of the above,white,,not hispanic or latinx,,25-34,graduate_student,,disagree,
fcdedbc6-ef2f-41b9-a7fb-10c260c3b6d1,64,asu_research_day,meat,meat,meat,omnivore,None of the above,white,,not hispanic or latinx,,55-64,staff,,disagree,
98da855b-792f-4b25-af3f-0e2c25d45d7e,65,asu_research_day,veg,veg,veg,omnivore,None of the above,white,,not hispanic or latinx,,25-34,graduate_student,,disagree,
6b35640a-f468-4869-9b20-2fdf4c138516,66,asu_research_day,meat,veg,,omnivore,None of the above,asian,,not hispanic or latinx,,45-54,staff,,,
2a1f2f24-43fb-43e6-82b8-da85a331ff3e,67,asu_research_day,meat,meat,meat,omnivore,None of the above,asian,,not hispanic or latinx,,55-64,faculty,,disagree,
933b291e-da7a-43ae-aa50-492e10626cac,68,asu_research_day,veg,veg,,vegetarian,Vegetarian,asian,,hispanic or latinx,,Under 18,undergraduate_student,,,
424dabdf-5442-462e-8631-0c983026d6ad,69,asu_research_day,meat,veg,veg,vegan,Vegan,white,,not hispanic or latinx,,25-34,faculty,,strongly_agree,
5e7b0d2e-b5d8-438e-959a-9412d4df54e0,70,asu_research_day,veg,veg,,omnivore,None of the above,,,hispanic or latinx,,35-44,staff,,,
f60665b2-f93c-4561-9dcf-a1540e93f4b8,71,asu_research_day,veg,veg,veg,vegetarian,Vegetarian,white,,not hispanic or latinx,,25-34,graduate_student,,strongly_disagree,
09c1ff34-070a-4a5a-a5e2-bd943fc36b5b,72,asu_research_day,veg,meat,,omnivore,None of the above,white,,hispanic or latinx,,Under 18,,,,
3ba2e7fc-018b-445a-ba1c-9219238228c6,73,asu_research_day,meat,meat,meat,omnivore,None of the above,white,,not hispanic or latinx,,35-44,faculty,,disagree,
e3970583-59bc-47c6-96c6-1218818378c9,74,asu_research_day,meat,meat,,omnivore,None of the above,white,,not hispanic or latinx,,25-34,staff,,,
911947e8-a272-4d76-a103-6367762f55db,75,asu_research_day,meat,,meat,,,,,,,,,,strongly_disagree,
273d8b46-80e6-43fa-8ffd-ab1171401885,76,asu_research_day,veg,meat,meat,,,,,,,,graduate_student,,disagree,
2fd0ebc9-4471-4f9c-be50-8a225e0baf2d,77,asu_research_day,meat,veg,veg,vegetarian,Vegetarian,,,,,35-44,staff,,strongly_agree,
693a303b-a0b3-412a-acbd-ce29bbc10d66,78,asu_research_day,meat,meat,veg,omnivore,None of the above,white,,hispanic or latinx,,35-44,staff,,disagree,
ff694a3c-2704-48b3-8da4-1297147aae23,79,asu_research_day,veg,meat,meat,omnivore,None of the above,white,,not hispanic or latinx,,55-64,faculty,,strongly_disagree,
167b8127-941c-4b0f-9ba1-49af811a498d,80,asu_research_day,meat,meat,meat,omnivore,None of the above,,,not hispanic or latinx,,45-54,staff,,strongly_disagree,
bb0b8b6f-7618-4f99-8820-1eb258c8e4d0,81,asu_research_day,veg,veg,veg,pescatarian,Pescatarian,asian,,not hispanic or latinx,,45-54,faculty,,agree,
791ac9c5-b652-4bac-9a33-61d7cd78f5cf,82,asu_research_day,meat,meat,meat,omnivore,None of the above,asian,,not hispanic or latinx,,25-34,staff,,strongly_disagree,
14c920e8-326f-4076-bbe2-3f415a4ec8bf,83,asu_research_day,veg,veg,veg,omnivore,None of the above,white,,not hispanic or latinx,,25-34,staff,,disagree,
a343a82a-39a9-4101-8a3a-417def66b87f,84,asu_research_day,veg,veg,,written,Other,white,,not hispanic or latinx,,45-54,faculty,,,
ead07fb0-e755-4291-8f2b-ddec2e1558dd,85,asu_research_day,veg,veg,veg,vegan,Vegan,white,,not hispanic or latinx,,55-64,staff,,strongly_agree,
1f31800c-1fa8-4828-bc31-6db7736aa5c1,86,asu_research_day,veg,meat,,,,,,,,,,,,
5131bd24-bc71-4f6f-b036-43d8c41546ed,87,asu_research_day,veg,veg,veg,omnivore,None of the above,white,,not hispanic or latinx,,55-64,staff,,agree,
9261556f-a1c5-49d5-8d13-0c86e36140d9,88,asu_research_day,meat,,veg,,,,,,,,,,strongly_agree,
e75700cd-05cc-44a2-a059-358951957d1d,89,asu_research_day,meat,veg,,pescatarian,Pescatarian,,,,,,,,,
4b518ee3-8361-4cb6-b476-48b072e98452,90,asu_research_day,meat,meat,meat,omnivore,None of the above,white,,not hispanic or latinx,,45-54,staff,,strongly_disagree,
5d2d2f7e-dcbf-4932-ae85-01672861cf7b,91,asu_research_day,meat,meat,,omnivore,None of the above,white,,not hispanic or latinx,,25-34,staff,,,
725fbd3c-4fb2-40da-ad9f-7aea11eef380,92,asu_research_day,meat,,meat,,,,,,,,,,strongly_disagree,
155de663-6bfd-4873-9a8d-3aba962a4654,93,asu_research_day,veg,veg,,vegetarian,Vegetarian,,,,,,,,,
5b9538c4-b3ed-4d22-8162-a300a29c6ba5,94,asu_research_day,veg,veg,veg,omnivore,None of the above,white,,hispanic or latinx,,35-44,staff,,disagree,
d21ff40a-7847-468e-82ab-49433411f0be,,ucla,veg,veg,veg,pescatarian,Pescatarian,,Mexican American,hispanic or latinx,,25-34,graduate_student,strongly_agree,,NA
23aef68f-ba66-4b69-96eb-7d43e3faec73,,ucla,meat,meat,veg,pescatarian,Pescatarian,black or african american,Black or African American,not hispanic or latinx,,35-44,graduate_student,agree,,NA
9ec91090-9daa-42cf-8cda-15b034e7ff98,,ucla,meat,meat,meat,omnivore,NA,asian,Asian,not hispanic or latinx,,25-34,graduate_student,strongly_agree,,NA
fa5ca4c7-bd71-4602-8558-7a8dca087eac,,ucla,veg,veg,veg,pescatarian,Pescatarian,,NA,,,,graduate_student,agree,,NA
b94132c9-fdb6-476e-bf7d-9ac9e9d7f735,,ucla,veg,veg,meat,,N/A,,Latino,hispanic or latinx,,18-24,graduate_student,agree,,I don’t always eat plant bases but I try to now and then due to the lower carbon footprint and all the other reasons listed above
1e51d13a-5832-438e-9218-fb10dac30e48,,ucla,meat,veg,veg,vegetarian,Vegetarian,black or african american,Black or African American,hispanic or latinx,,25-34,staff,strongly_agree,,NA
86e30af8-c3d7-49e9-8e92-e5a273d6523a,,ucla,veg,veg,veg,omnivore,NA,multiracial,Mixed (Mestiza),hispanic or latinx,,18-24,graduate_student,agree,,NA
3f7a6a1d-3490-48cb-a004-14c426b1d248,,ucla,veg,veg,veg,pescatarian,Pescatarian,white,White,not hispanic or latinx,,25-34,graduate_student,strongly_agree,,NA
3371209b-d951-41fe-a80b-85be0a78343a,,ucla,meat,meat,meat,omnivore,NA,white,White,not hispanic or latinx,,65-74,faculty,strongly_agree,,NA
018ff926-5895-47fb-ba47-baadcbb4d432,,ucla,veg,veg,veg,omnivore,NA,white,White,not hispanic or latinx,,25-34,graduate_student,strongly_agree,,I don't often crave meat and usually prefer plant based options
cd971737-bad5-41e1-8a8d-51d4bcc1e011,,ucla,meat,meat,meat,omnivore,NA,white,White,hispanic or latinx,,25-34,graduate_student,agree,,It is important to take care of the planet 
0c399a39-98f8-4d12-a847-a837fe1b80e7,,ucla,meat,meat,meat,omnivore,NA,,Prefer not to say,hispanic or latinx,,25-34,graduate_student,disagree,,"Some people have food restrictions or preferences for the foods that can be eaten. Although a plant based option was available, it was not vegan so some individuals could not eat. The broccoli had meat bits, the pesto pasta was made with cheese. I eat plant based to others have options."
09e0cd29-88e5-436e-b5b9-3a7038fbfb0a,,ucla,meat,meat,meat,omnivore,NA,,Prefer not to say,hispanic or latinx,,25-34,graduate_student,agree,,NA
2d132753-d3e7-4df9-8535-f216cad0e7a0,,ucla,veg,meat,meat,omnivore,NA,,NA,hispanic or latinx,,25-34,graduate_student,agree,,NA
3a63cb5a-9135-4e2b-942f-6f1f2208ee01,,ucla,veg,veg,veg,,Halal,arab,Arab,not hispanic or latinx,,18-24,graduate_student,,,"I eat meat, however it has to be Halal so for that reason I oftentimes opt for vegetarian options :)"
e1ed5e62-379d-414a-b46b-538a15926e14,,ucla,veg,veg,veg,omnivore,NA,white,White,hispanic or latinx,,25-34,graduate_student,strongly_agree,,NA
fb46ec38-266e-473d-a9c3-3acf32716c79,,ucla,meat,veg,veg,vegetarian,Vegetarian,asian,Asian,not hispanic or latinx,,25-34,graduate_student,strongly_agree,,I follow and practice an Indian religion called Hinduism and because of that I have been a vegetarian since my birth.
ac878b20-25e8-4736-9424-b92d9a510cf1,,ucla,meat,meat,meat,,No pork,white,White,not hispanic or latinx,,55-64,faculty,agree,,NA
5a42cfd4-e436-4ce7-9f83-ecc06a4aaa59,,ucla,veg,veg,veg,vegan,Vegan,white,White,not hispanic or latinx,,18-24,graduate_student,strongly_agree,,NA
79c89c2d-1d48-4a85-be29-e1f00129ef1f,,ucla,veg,veg,veg,omnivore,NA,white,White,hispanic or latinx,,25-34,graduate_student,strongly_agree,,If I can’t confirm the quality of the meat I would rather go plant based. 
b8848898-879f-4e06-adeb-e7b66255814b,,ucla,meat,meat,meat,,no pork,white,White,not hispanic or latinx,,18-24,graduate_student,disagree,,NA
436b7ae0-c8f2-407b-b72a-378144c7e415,,ucla,meat,meat,meat,omnivore,NA,,Prefer not to say,hispanic or latinx,,25-34,graduate_student,agree,,NA
21c1834f-b3d4-4be8-ace5-993559806208,,ucla,meat,meat,meat,omnivore,NA,asian,Asian,not hispanic or latinx,,25-34,graduate_student,agree,,NA
4df2ad9b-fb7c-4afd-b087-834d9923baad,,ucla,meat,veg,,omnivore,NA,,NA,hispanic or latinx,,25-34,graduate_student,,,NA
9dc64edc-29cd-47e8-9ed3-f3ce04ab6044,,ucla,veg,veg,,,Meat,asian,Asian,not hispanic or latinx,,18-24,graduate_student,,,NA
451aacf4-4af5-4d3f-8ac4-5740fea31087,,ucla,meat,meat,,omnivore,NA,white,White,not hispanic or latinx,,25-34,graduate_student,,,NA
2338ee5f-c487-47a1-8734-0a5ff9aa0fc1,,ucla,veg,veg,,pescatarian,Pescatarian,black or african american,Black or African American,not hispanic or latinx,,25-34,graduate_student,,,NA
a4428a7c-53b9-44e1-95da-60c68fc54f76,,ucla,veg,veg,,omnivore,NA,white,White,hispanic or latinx,,25-34,graduate_student,,,NA
3843d670-4c26-4f42-9e91-08c161ab4f1c,,ucla,veg,veg,,omnivore,NA,asian,Asian,not hispanic or latinx,,18-24,graduate_student,,,NA
9fa106e5-8103-4f00-939a-3b1259b913c7,,ucla,meat,meat,,omnivore,NA,white,White,hispanic or latinx,,25-34,graduate_student,,,NA
3a193dcb-f97d-4368-b95c-9b06798fd63d,,ucla,meat,veg,,vegetarian,Vegetarian,white,White,not hispanic or latinx,,45-54,faculty,,,NA
4a35136c-f5d9-4682-a58a-252260d74f4e,,ucla,meat,meat,,omnivore,NA,white,White,hispanic or latinx,,25-34,graduate_student,,,NA
57ac3b6c-5321-40ab-b532-d67bd25ec222,,ucla,veg,veg,,,I do not eat red meat (chicken and fish okay),asian,Asian,not hispanic or latinx,,25-34,graduate_student,,,NA
bc1c1dd4-f528-449b-ae40-fd996a2456a1,,ucla,veg,veg,,omnivore,NA,asian,Asian,not hispanic or latinx,,18-24,graduate_student,,,NA
c3df8ae3-64d1-4d76-982f-7adc7f6eda11,,ucla,meat,meat,,omnivore,NA,,NA,not hispanic or latinx,,45-54,faculty,,,NA
48dda240-4997-4c0d-8d6b-32b541256005,,ucla,meat,meat,,omnivore,NA,,Prefer not to say,hispanic or latinx,,25-34,graduate_student,,,NA
6276beb6-058c-4188-a5a2-db5227c3fd11,,ucla,veg,veg,,pescatarian,Pescatarian,white,White,not hispanic or latinx,,25-34,graduate_student,,,NA
ac68506f-c44c-4a1e-bdea-76abb8903f33,,ucla,meat,meat,,omnivore,NA,,Prefer not to say,hispanic or latinx,,25-34,graduate_student,,,NA
0216ff34-81fd-45a0-b59a-64b5879e0341,,ucla,meat,meat,,,N/A,,mixed,hispanic or latinx,,25-34,graduate_student,,,NA
2802b41c-d35e-4837-857e-3439cc8f89f4,,ucla,veg,veg,,,Gluten Free (allergic to gluten),,Mexican and Persian,hispanic or latinx,,25-34,graduate_student,,,NA
ffc5c1ee-29e4-4c58-9639-ec00589f0b56,,ucla,meat,veg,,vegetarian,Vegetarian,white,White,not hispanic or latinx,,45-54,faculty,,,NA
8954bf9e-42a2-43b8-84fe-49df88adb285,,ucla,veg,veg,,omnivore,NA,white,White,not hispanic or latinx,,45-54,faculty,,,NA
9e47dfac-79d9-41da-bdc0-42b48477a751,,ucla,veg,veg,,omnivore,NA,asian,Asian,not hispanic or latinx,,25-34,graduate_student,,,NA
7597374d-e073-44a9-8e81-8d7478d96a18,,ucla,meat,meat,,omnivore,NA,white,White,hispanic or latinx,,18-24,graduate_student,,,NA
41f52d24-7a9b-4446-8f94-c7298c4b774b,,ucla,veg,veg,,pescatarian,Pescatarian,multiracial,Multiracial,hispanic or latinx,,18-24,graduate_student,,,NA
32790056-856b-4101-9a09-b2f880164a2b,,ucla,veg,veg,,pescatarian,Pescatarian,white,White,not hispanic or latinx,,45-54,staff,,,NA
9830f3d4-d23d-4f23-98a4-52f3cb7a9ad8,,ucla,veg,meat,,omnivore,NA,,Prefer not to say,not hispanic or latinx,,18-24,,,,NA
06166b58-4cbc-4d13-981e-954a0e26e255,,ucla,veg,veg,,pescatarian,Pescatarian,asian,Asian,not hispanic or latinx,,35-44,graduate_student,,,NA
008cd7d3-9ca5-4a06-a250-1856cdc8b3b4,,ucla,veg,meat,,omnivore,NA,black or african american,Black or African American,not hispanic or latinx,,25-34,graduate_student,,,NA
913c71de-17cd-42be-94ec-195bfb2ac1dc,,ucla,meat,veg,,vegetarian,Vegetarian,asian,Asian,not hispanic or latinx,,25-34,graduate_student,,,NA
bfd42861-3a23-4045-a817-b8e33f4b6cd3,,ucla,meat,meat,,omnivore,NA,white,White,not hispanic or latinx,,45-54,faculty,,,NA
24576d32-d4f5-412b-b88d-a792bc412eb7,,ucla,meat,meat,,,"Only eat chicken and fish, not red meat.",black or african american,Black or African American,not hispanic or latinx,,25-34,graduate_student,,,NA
c08f8d16-de2a-4258-be56-165c84be4123,,ucla,veg,meat,,omnivore,NA,black or african american,Black or African American,not hispanic or latinx,,18-24,graduate_student,,,NA
bc0f83f0-408c-419f-9084-2182daade440,,ucla,veg,meat,,omnivore,none,asian,Asian,not hispanic or latinx,,25-34,graduate_student,,,NA
6966bff1-b3c7-4572-a337-0305825d96f1,,ucla,meat,meat,,omnivore,NA,,NA,,,25-34,graduate_student,,,NA
dbe0602d-50b7-471a-8503-ff6408f00f1c,,ucla,meat,meat,,omnivore,NA,,NA,,,,,,,NA
07903e18-fbc6-4a39-a57c-8cf41a577fda,,ucla,meat,veg,,vegetarian,Vegetarian,,NA,,,25-34,graduate_student,,,NA
0c73e699-f265-4fa2-9579-1668c4c05e46,,ucla,meat,meat,,omnivore,NA,,NA,,,,,,,NA
ffa7c8a4-3b8d-47d1-80af-da48e7efa015,,ucla,meat,meat,,omnivore,NA,black or african american,Black or African American,,,55-64,staff,,,NA
79a9544e-2fd8-4d5c-98c7-9482076eebb4,,ucla,meat,meat,,omnivore,NA,white,White,hispanic or latinx,,25-34,graduate_student,,,NA
667ef8d9-e7fb-4720-b719-6b5fbda9dda5,,ucla,veg,veg,,omnivore,NA,white,White,not hispanic or latinx,,18-24,graduate_student,,,NA
87e17200-1b61-4fc3-8189-1baf4cb1793a,,ucla,veg,veg,,pescatarian,Pescatarian,asian,Asian,not hispanic or latinx,,18-24,graduate_student,,,NA
ff3bb742-9fe9-40a9-ab5c-f21c60daa886,,ucla,meat,veg,,,Ovo-lacto vegetarian and pescatarian,white,White,not hispanic or latinx,,65-74,faculty,,,NA
247274d6-b531-44e8-aa52-899be5fc4859,,ucla,meat,meat,,pescatarian,Pescatarian,black or african american,Black or African American,not hispanic or latinx,,,staff,,,NA
a8901da8-db77-48b4-afea-ea62f83b683a,,ucla,meat,meat,,omnivore,NA,,NA,,,25-34,graduate_student,,,NA
ffbbae6d-87ff-4d90-9497-883f72a15f44,,ucla,meat,veg,,vegetarian,Vegetarian,asian,Asian,not hispanic or latinx,,25-34,graduate_student,,,NA
c680f4f6-ff36-4827-9200-f2df56b47580,,ucla,meat,meat,,vegetarian,Vegetarian,,Latina ,hispanic or latinx,,18-24,graduate_student,,,NA
4a41aabf-3da1-4f91-86b1-bd0bd4b32a41,,ucla,veg,meat,,omnivore,NA,white,White,not hispanic or latinx,,25-34,graduate_student,,,NA
76da0d31-db10-45d9-9a31-5a5c04a5c38f,,ucla,meat,veg,,vegan,Vegan,asian,Asian,not hispanic or latinx,,25-34,graduate_student,,,NA
96211e9b-1e2e-42e6-beb6-28f16c0b48b3,,ucla,meat,veg,,pescatarian,Pescatarian,white,White,not hispanic or latinx,,25-34,graduate_student,,,NA
ec47db0f-6967-4e31-8c72-cc8590d3af2b,,ucla,meat,veg,,pescatarian,Pescatarian,asian,Asian,not hispanic or latinx,,18-24,graduate_student,,,NA
ba933a92-4c13-4296-8246-6285185da5a3,,ucla,veg,veg,,,N/-,white,White,not hispanic or latinx,,18-24,staff,,,NA
b03cd62b-3bf2-42bd-b5bf-521ca0388b94,,ucla,meat,meat,,omnivore,NA,white,White,hispanic or latinx,,18-24,graduate_student,,,NA
661f6b94-8c0c-44d4-adc7-c77d7ed938af,,ucla,veg,veg,,omnivore,NA,,Half Mexican Half Asian,hispanic or latinx,,25-34,graduate_student,,,NA
8f502f33-355d-48dc-8396-7ddf86edb061,,ucla,meat,veg,,pescatarian,Pescatarian,,Prefer not to say,not hispanic or latinx,,25-34,graduate_student,,,NA
af858a2a-8619-488b-b5d0-965c80eeabec,,ucla,meat,meat,,omnivore,NA,,Prefer not to say,hispanic or latinx,,25-34,graduate_student,,,NA
f2670c61-2865-41c1-9591-c1b188999494,,ucla,meat,meat,,omnivore,NA,white,White,not hispanic or latinx,,18-24,graduate_student,,,NA
422e3962-8e16-4fbd-82b0-fc69a42147ee,,ucla,meat,meat,,omnivore,NA,,NA,hispanic or latinx,,25-34,graduate_student,,,NA
1fcae4f3-f5a7-4803-8b58-865b6c3ea926,,ucsb_undergraduate_event,veg,veg,,vegetarian,Vegetarian,,,,female,18-24,undergraduate_student,,,
d5397f39-cae9-4a3d-92c6-1a3c1ebd6c85,,ucsb_undergraduate_event,meat,meat,,vegan,Vegan,,,,female,18-24,undergraduate_student,,,
5d104c95-5992-4226-95dc-0ea2aeb01131,,ucsb_undergraduate_event,veg,meat,,omnivore,None of the above,,,,female,18-24,undergraduate_student,,,
0bee01dc-e294-4608-a0b0-d63e0cf0c97a,,ucsb_undergraduate_event,meat,veg,,vegetarian,Vegetarian,,,,female,18-24,undergraduate_student,,,
6bc4a41a-13dd-4282-89cf-08923a33091f,,ucsb_undergraduate_event,meat,veg,,vegetarian,Vegetarian,,,,female,18-24,undergraduate_student,,,
64b98930-8ba8-460c-a886-6abe548690ef,,ucsb_undergraduate_event,veg,veg,,omnivore,None of the above,,,,female,18-24,undergraduate_student,,,
c5a4be50-846b-4088-ac7c-c25ec26cd1bb,,ucsb_undergraduate_event,meat,veg,,vegetarian,Vegetarian,,,,female,18-24,undergraduate_student,,,
4d74aa80-1e4c-4816-8aa8-50b7fb6f9f02,,ucsb_undergraduate_event,veg,meat,,omnivore,None of the above,,,,female,18-24,undergraduate_student,,,
456d75c0-bb81-422b-af18-c6f78abd90f1,,ucsb_undergraduate_event,veg,veg,,omnivore,None of the above,,,,female,18-24,undergraduate_student,,,
89020162-4c96-487e-b4b7-470b19a450c2,,ucsb_undergraduate_event,meat,meat,,omnivore,None of the above,,,,female,18-24,undergraduate_student,,,
89acb732-a98c-40dd-92c6-647bc1a385cc,,ucsb_undergraduate_event,meat,meat,,omnivore,None of the above,,,,female,18-24,undergraduate_student,,,
27cd1a11-6cac-4c05-9f83-a81b21654537,,ucsb_undergraduate_event,veg,veg,,omnivore,None of the above,,,,female,18-24,undergraduate_student,,,
839a7100-0e23-4766-a585-ad3b3d375f34,,ucsb_undergraduate_event,meat,meat,,omnivore,None of the above,,,,female,18-24,undergraduate_student,,,
f8200543-db11-496e-b54c-0ac03bde8593,,ucsb_undergraduate_event,veg,veg,,omnivore,None of the above,,,,female,18-24,undergraduate_student,,,
3e239dde-fcc8-4411-b7ae-ae3c30cab58d,,ucsb_undergraduate_event,veg,veg,,vegetarian,Vegetarian,,,,female,18-24,undergraduate_student,,,
1e9a8a20-655f-4945-9317-3c5e0abb779d,,ucsb_undergraduate_event,meat,meat,,omnivore,None of the above,,,,female,18-24,undergraduate_student,,,
4d6fbcfb-dd4f-4d33-9eae-62faf7a050f8,,ucsb_undergraduate_event,meat,meat,,omnivore,None of the above,,,,female,18-24,undergraduate_student,,,
864dba35-8ef2-4cdb-a066-f90e0015d81b,,ucsb_undergraduate_event,veg,meat,,omnivore,None of the above,,,,female,18-24,undergraduate_student,,,
86db73c5-e3ba-47e8-8dcb-d0ed48cc7481,,ucsb_undergraduate_event,meat,meat,,omnivore,None of the above,,,,female,18-24,undergraduate_student,,,
d955deb3-9b98-48b2-97cb-879dfddc71f5,,ucsb_undergraduate_event,veg,meat,,written,Other,,,,female,18-24,undergraduate_student,,,
17ee4c1a-c100-4b0d-b840-b3f61985fefe,,ucsb_undergraduate_event,veg,veg,,omnivore,None of the above,,,,female,18-24,undergraduate_student,,,
ba666a20-1d6a-4dde-9bda-911791379d0f,,ucsb_undergraduate_event,meat,meat,,omnivore,None of the above,,,,female,18-24,undergraduate_student,,,
9cb05a48-d977-4358-a67b-efb621fa341f,,ucsb_undergraduate_event,veg,veg,,omnivore,None of the above,,,,female,18-24,undergraduate_student,,,
4605f68b-867f-4159-af37-5c47e1723b20,,ucsb_undergraduate_event,meat,meat,,written,Other,,,,female,18-24,undergraduate_student,,,
3c060a30-2d10-4ade-8f9b-ac3a775a3e67,,ucsb_undergraduate_event,veg,veg,,written,Other,,,,female,18-24,undergraduate_student,,,
2eb2c25a-c67c-4a44-8532-77d768c9623f,,ucsb_undergraduate_event,veg,veg,,omnivore,None of the above,,,,female,18-24,undergraduate_student,,,
b332d3f8-363c-4162-ab62-58ffeef5bfff,,ucsb_undergraduate_event,veg,veg,,omnivore,None of the above,,,,female,18-24,undergraduate_student,,,
e9601a0b-cc29-4f29-87d1-f7d8f444487f,,ucsb_undergraduate_event,meat,veg,,vegan,Vegan,,,,female,18-24,undergraduate_student,,,
a44c6e64-bfca-4e87-8c65-5edc18527b35,,ucsb_undergraduate_event,veg,meat,,omnivore,None of the above,,,,female,18-24,undergraduate_student,,,
302b3a9f-4b29-4414-9a82-0d724dab989c,,ucsb_undergraduate_event,meat,meat,,omnivore,None of the above,,,,female,18-24,undergraduate_student,,,
1ed1e98a-e3db-4365-abe5-af52c0634499,,ucsb_undergraduate_event,veg,veg,,omnivore,None of the above,,,,female,18-24,undergraduate_student,,,
f7d6c110-57e0-4016-ba83-8ae03e59333a,,ucsb_undergraduate_event,meat,meat,,omnivore,None of the above,,,,female,18-24,undergraduate_student,,,
57bcf692-4d69-4f57-97b7-8e628667cfca,,ucsb_undergraduate_event,veg,meat,,omnivore,None of the above,,,,female,18-24,undergraduate_student,,,
53c4d90e-cc9b-4c1f-8491-9d1cda482e96,,ucsb_undergraduate_event,meat,meat,,omnivore,None of the above,,,,female,18-24,undergraduate_student,,,
a1747aa8-f8a0-4117-8855-9564dfa49565,,ucsb_undergraduate_event,meat,meat,,omnivore,None of the above,,,,female,18-24,undergraduate_student,,,
453f6168-9a2c-421f-9f1e-a487dc802199,,ucsb_undergraduate_event,veg,meat,,omnivore,None of the above,,,,female,18-24,undergraduate_student,,,
e2171f2f-8eb1-40f6-b889-f287964fa61d,,ucsb_undergraduate_event,veg,veg,,omnivore,None of the above,,,,female,18-24,undergraduate_student,,,
50c84605-50dd-4fd2-a91d-f66849f3ce09,,ucsb_undergraduate_event,veg,veg,,written,Other,,,,female,18-24,undergraduate_student,,,
7309654c-c794-4d1e-91ff-fe52cf8919ca,,ucsb_undergraduate_event,meat,meat,,omnivore,None of the above,,,,female,18-24,undergraduate_student,,,
97207d91-4958-4931-96b9-488a8dcb3f25,,ucsb_undergraduate_event,veg,veg,,omnivore,None of the above,,,,female,18-24,undergraduate_student,,,
dfb0d276-0826-4aaf-a927-aa866443d5fe,,ucsb_undergraduate_event,meat,veg,,pescatarian,Pescatarian,,,,female,18-24,undergraduate_student,,,
91982be6-2293-4c48-b31b-a5662a42e8c0,,ucsb_undergraduate_event,meat,meat,,omnivore,None of the above,,,,female,18-24,undergraduate_student,,,
65c184f2-14c3-4c9e-aa32-baeaffbe85b7,,ucsb_undergraduate_event,veg,veg,,omnivore,None of the above,,,,female,18-24,undergraduate_student,,,
aa9799f5-3236-4634-985d-c7e2a3a890c8,,ucsb_undergraduate_event,veg,veg,,written,Other,,,,female,18-24,undergraduate_student,,,
7a07ea5a-fc30-491d-8f61-c64c594e8ed6,,ucsb_undergraduate_event,veg,meat,,omnivore,None of the above,,,,female,18-24,undergraduate_student,,,
829c8b53-f29a-477d-898f-1f99080aa1d2,,ucsb_undergraduate_event,veg,veg,,omnivore,None of the above,,,,female,18-24,undergraduate_student,,,
279086c1-6239-46ae-9f33-d0823761acc6,,ucsb_undergraduate_event,meat,meat,,omnivore,None of the above,,,,female,18-24,undergraduate_student,,,
3bcab7d9-2990-48c8-928a-d3c8fdbfb4b9,,ucsb_undergraduate_event,meat,meat,,omnivore,None of the above,,,,female,18-24,undergraduate_student,,,
94520dc2-f6c3-4fc9-a14e-fec8106bbf74,,ucsb_undergraduate_event,meat,meat,,omnivore,None of the above,,,,female,18-24,undergraduate_student,,,
339f93ec-f077-4a35-8ea5-e3e5173f6921,,ucsb_undergraduate_event,veg,meat,,omnivore,None of the above,,,,female,18-24,undergraduate_student,,,
4598f642-6bec-499d-9547-324e6697fcb6,,ucsb_undergraduate_event,meat,veg,,written,Other,,,,female,18-24,undergraduate_student,,,
cec4edf9-77c1-466e-a198-b8aaf5b52111,,ucsb_undergraduate_event,veg,meat,,omnivore,None of the above,,,,female,18-24,undergraduate_student,,,
fd4580ff-4f6b-4553-99d0-e0025dbda85e,,ucsb_undergraduate_event,meat,veg,,omnivore,None of the above,,,,female,18-24,undergraduate_student,,,
f79f6639-e324-49cd-8ad7-947981d8ac24,,ucsb_undergraduate_event,veg,veg,,pescatarian,Pescatarian,,,,female,18-24,undergraduate_student,,,
9d6d3af4-6ca9-4f7f-90d5-345f6cb54576,,ucsb_undergraduate_event,veg,meat,,omnivore,None of the above,,,,female,18-24,undergraduate_student,,,
cd835717-e22a-494e-80c3-92a3bd8a9c7d,,ucsb_undergraduate_event,veg,meat,,omnivore,None of the above,,,,female,18-24,undergraduate_student,,,
eb89e2c8-9b81-485b-9b0b-410e5f815fc8,,ucsb_undergraduate_event,meat,meat,,omnivore,None of the above,,,,female,18-24,undergraduate_student,,,
1460ea6a-2ee2-4c80-a9c8-d70ff0839cd0,,ucsb_undergraduate_event,meat,meat,,omnivore,None of the above,,,,female,18-24,undergraduate_student,,,
aa5e2a6d-41fb-432f-8966-bcb60a519563,,ucsb_undergraduate_event,veg,veg,,omnivore,None of the above,,,,female,18-24,undergraduate_student,,,
f64210a4-6914-4d13-b916-4f0270b214e8,,ucsb_undergraduate_event,meat,meat,,omnivore,None of the above,,,,female,18-24,undergraduate_student,,,
338910e3-3767-4bcf-b370-e0e891e56174,,ucsb_undergraduate_event,veg,veg,,omnivore,None of the above,,,,female,18-24,undergraduate_student,,,
0a9c407c-61a6-4a70-8ed1-8226488a36e8,,ucsb_undergraduate_event,veg,veg,,omnivore,None of the above,,,,female,18-24,undergraduate_student,,,
ccffd9cc-7da1-4588-bd97-27b6aa4eecda,,ucsb_undergraduate_event,meat,meat,,omnivore,None of the above,,,,female,18-24,undergraduate_student,,,
a8a04b38-7ea3-4bde-9446-914918f0ce12,,ucsb_undergraduate_event,meat,meat,,omnivore,None of the above,,,,female,18-24,undergraduate_student,,,
18f858ed-1901-4d92-9a95-ebcff6ca67d4,,ucsb_undergraduate_event,veg,veg,,omnivore,None of the above,,,,female,18-24,undergraduate_student,,,
d6e1a6ff-65fb-435a-8cd4-5333de7931d1,,ucsb_undergraduate_event,meat,meat,,omnivore,None of the above,,,,female,18-24,undergraduate_student,,,
01206cc8-9bee-405c-bc6d-67336487ebd8,,ucsb_undergraduate_event,veg,veg,,vegetarian,Vegetarian,,,,female,18-24,undergraduate_student,,,
8bc993f7-a0aa-47fb-8d2e-5354efdfad06,,ucsb_undergraduate_event,meat,meat,,omnivore,None of the above,,,,female,18-24,undergraduate_student,,,
bc0487f2-16a9-464e-a99b-a217ec1f7b8e,,ucsb_undergraduate_event,veg,veg,,omnivore,None of the above,,,,female,18-24,undergraduate_student,,,
a31b8a1e-39fd-4977-96e7-f34a70e20d48,,ucsb_undergraduate_event,meat,meat,,omnivore,None of the above,,,,female,18-24,undergraduate_student,,,
41ee47fd-9663-46a4-876e-658dfd8481eb,,ucsb_undergraduate_event,meat,meat,,omnivore,None of the above,,,,female,18-24,undergraduate_student,,,
2de451af-2ce9-4e23-8167-e9fb9b28cdaa,,ucsb_undergraduate_event,veg,meat,,omnivore,None of the above,,,,female,18-24,undergraduate_student,,,
17f6a333-1df9-4c0c-a23b-e0ffe7e34560,,ucsb_undergraduate_event,veg,veg,,vegetarian,Vegetarian,,,,female,18-24,undergraduate_student,,,
406e2995-4b7f-4cea-8e43-fb421c9dc3d8,,ucsb_undergraduate_event,meat,meat,,omnivore,None of the above,,,,female,18-24,undergraduate_student,,,
6012e12a-c54a-4611-8060-0f1bcc74d5bb,,ucsb_undergraduate_event,veg,veg,,omnivore,None of the above,,,,female,18-24,undergraduate_student,,,
2aeb8b96-ce69-4af7-ad54-9a0714db27ee,,ucsb_undergraduate_event,veg,veg,,omnivore,None of the above,,,,female,18-24,undergraduate_student,,,
4b131a1a-e012-470b-aa59-cb469251123d,,ucsb_undergraduate_event,veg,meat,,omnivore,None of the above,,,,female,18-24,undergraduate_student,,,
ae08df17-03a0-49a7-9cbc-14326a091251,,ucsb_undergraduate_event,meat,veg,,written,Other,,,,female,18-24,undergraduate_student,,,
efc07d40-3a45-4c35-be93-54548da35af8,,ucsb_undergraduate_event,veg,meat,,omnivore,None of the above,,,,female,18-24,undergraduate_student,,,
c7b363ce-c67c-4ce9-adce-2fca6ace5dee,,ucsb_undergraduate_event,veg,meat,,omnivore,None of the above,,,,female,18-24,undergraduate_student,,,
f5b38efb-ce04-4584-8f61-a2fae7a07f3b,,ucsb_undergraduate_event,meat,meat,,omnivore,None of the above,,,,female,18-24,undergraduate_student,,,
67517be9-0d87-4a1f-9ed3-893718b5bc06,,ucsb_undergraduate_event,meat,meat,,omnivore,None of the above,,,,female,18-24,undergraduate_student,,,
c0b0adb4-5945-4e2d-9c8c-a75d9f08ece2,,ucsb_undergraduate_event,veg,meat,,omnivore,None of the above,,,,female,18-24,undergraduate_student,,,
bd3cc64c-21d8-41c8-917f-ff3f2d4c4918,,ucsb_undergraduate_event,meat,meat,,omnivore,None of the above,,,,female,18-24,undergraduate_student,,,
edc1ffb5-9bb9-41ec-9e47-5cc0c7ffb3ef,,ucsb_undergraduate_event,meat,meat,,omnivore,None of the above,,,,female,18-24,undergraduate_student,,,
75f51085-87f4-4be5-87eb-d91a552fe9d6,,ucsb_undergraduate_event,veg,meat,,omnivore,None of the above,,,,female,18-24,undergraduate_student,,,
e1181084-94e2-4af3-addf-a3c0819875e1,,ucsb_undergraduate_event,veg,veg,,vegetarian,Vegetarian,,,,female,18-24,undergraduate_student,,,
0f33883b-6075-47f2-93d5-c4fd7db82bde,,ucsb_undergraduate_event,veg,veg,,omnivore,None of the above,,,,female,18-24,undergraduate_student,,,
4bad7bba-d9c6-422c-8636-1e2ee9c5720e,,ucsb_undergraduate_event,meat,veg,,vegetarian,Vegetarian,,,,female,18-24,undergraduate_student,,,
b04cf818-1c28-4099-a5de-c82afdce40df,,ucsb_undergraduate_event,veg,veg,,,,,,,female,18-24,undergraduate_student,,,
2defeef6-9b08-4f0f-a057-0e0d35421ea6,,ucsb_undergraduate_event,meat,veg,,pescatarian,Pescatarian,,,,female,18-24,undergraduate_student,,,
51752dbc-7ef6-46c0-b7fe-3f130f857880,,ucsb_undergraduate_event,veg,veg,,omnivore,None of the above,,,,female,18-24,undergraduate_student,,,
d2677876-3698-48a8-8c35-e91f6d537646,,ucsb_undergraduate_event,meat,veg,,omnivore,None of the above,,,,female,18-24,undergraduate_student,,,
3030d418-867f-49e9-b6fa-7e6fe90444a0,,ucsb_undergraduate_event,meat,meat,,omnivore,None of the above,,,,female,18-24,undergraduate_student,,,
b62905d2-f906-4b25-bbcb-79e552e8abbb,,ucsb_undergraduate_event,meat,meat,,omnivore,None of the above,,,,female,18-24,undergraduate_student,,,
359b9d88-ea94-46d3-9c16-ab0e864a7266,,ucsb_undergraduate_event,meat,meat,,omnivore,None of the above,,,,female,18-24,undergraduate_student,,,
4b914ecb-3823-4ddf-a6ec-58120ecc7f3a,,ucsb_undergraduate_event,veg,veg,,omnivore,None of the above,,,,female,18-24,undergraduate_student,,,
c50cd95d-424a-4808-9cea-2b88a9738218,,ucsb_undergraduate_event,meat,meat,,omnivore,None of the above,,,,female,18-24,undergraduate_student,,,
09349561-00c0-4275-b249-b67fca147421,,ucsb_undergraduate_event,meat,meat,,omnivore,None of the above,,,,female,18-24,undergraduate_student,,,
e7d8de97-110f-4b3c-8dde-65c3fb28b2d5,,ucsb_undergraduate_event,veg,veg,,omnivore,None of the above,,,,female,18-24,undergraduate_student,,,
596ebe58-9728-4173-b31d-33bdbdd074b5,,ucsb_undergraduate_event,meat,meat,,written,Other,,,,female,18-24,undergraduate_student,,,
3c220581-dfd2-4e3b-a230-86a7f1166345,,ucsb_undergraduate_event,meat,meat,,omnivore,None of the above,,,,female,18-24,undergraduate_student,,,
2506487d-d016-4a07-8e4e-1eea3515814f,,ucsb_undergraduate_event,veg,veg,,omnivore,None of the above,,,,female,18-24,undergraduate_student,,,
31d99d28-965f-4ce1-b700-bcc2a761e679,,ucsb_undergraduate_event,veg,meat,,omnivore,None of the above,,,,female,18-24,undergraduate_student,,,
eae670a7-7913-4019-aaf9-51ddf0238a51,,ucsb_undergraduate_event,meat,veg,,vegan,Vegan,,,,female,18-24,undergraduate_student,,,
7fd72b01-95a8-4c19-80ee-a285a5c40971,,ucsb_undergraduate_event,meat,meat,,omnivore,None of the above,,,,female,18-24,undergraduate_student,,,
90a3375c-ad3f-4ef2-a178-60b6b8fb3bb0,,ucsb_undergraduate_event,veg,veg,,omnivore,None of the above,,,,female,18-24,undergraduate_student,,,
716bcae9-edc2-443b-8e3f-b5cd1c2689b8,,ucsb_undergraduate_event,meat,meat,,written,Other,,,,female,18-24,undergraduate_student,,,
8af34711-a159-4a9c-b1a0-41f9d41d3a87,,ucsb_undergraduate_event,veg,veg,,omnivore,None of the above,,,,female,18-24,undergraduate_student,,,
2f87ef95-a0f2-4409-93cf-44f4623a26a1,,ucsb_undergraduate_event,meat,meat,,,,,,,female,18-24,undergraduate_student,,,
1f7fff8e-b370-4cff-92f1-d7adc89a45bb,,ucsb_graduate_event,veg,meat,,omnivore,None of the above,,,,female,25-34,graduate_student,,,
bddb3049-fa52-49f7-92c7-d1ecbdeb7e58,,ucsb_graduate_event,meat,meat,,omnivore,None of the above,,,,female,25-34,graduate_student,,,
3f98f980-38c0-4d54-86a1-882b0b762491,,ucsb_graduate_event,veg,,,omnivore,None of the above,,,,female,,graduate_student,,,
369c7dd4-9ae9-405d-ad5a-0574e58343f4,,ucsb_graduate_event,veg,veg,,omnivore,None of the above,,,,female,25-34,graduate_student,,,
1859bb09-a15d-4697-b973-152551e3c488,,ucsb_graduate_event,meat,veg,,omnivore,None of the above,,,,female,18-24,graduate_student,,,
2bd76fec-4000-4692-914a-92747213f965,,ucsb_graduate_event,meat,veg,,omnivore,None of the above,,,,female,25-34,graduate_student,,,
74d2f2df-6aa9-4b02-871f-6d944469edf0,,ucsb_graduate_event,veg,veg,,omnivore,None of the above,,,,female,25-34,graduate_student,,,
a3c0ea67-a933-4702-912b-b01df97389e8,,ucsb_graduate_event,veg,veg,,omnivore,None of the above,,,,female,25-34,graduate_student,,,
58de4703-5add-4025-93b2-dfbf29f98963,,ucsb_graduate_event,meat,veg,,omnivore,None of the above,,,,female,18-24,graduate_student,,,
cc1c1e41-d988-4586-96f3-defe6e5349b0,,ucsb_graduate_event,meat,meat,,omnivore,None of the above,,,,female,18-24,graduate_student,,,
74351089-ea7f-4cde-bbd1-e258c044428f,,ucsb_graduate_event,veg,veg,,omnivore,None of the above,,,,female,18-24,graduate_student,,,
7886e9cc-d8b5-4d83-b93d-7546195e98db,,ucsb_graduate_event,meat,meat,,omnivore,None of the above,,,,female,25-34,graduate_student,,,
2606e9a6-3507-45a6-9190-8b85faa6439c,,ucsb_graduate_event,veg,meat,,omnivore,None of the above,,,,female,25-34,graduate_student,,,
42482b8d-b37b-43e7-8222-27c3a3b747d2,,ucsb_graduate_event,meat,meat,,omnivore,None of the above,,,,female,25-34,graduate_student,,,
dffad540-b2ad-4bc7-a2b0-a05b889ce1c5,,ucsb_graduate_event,veg,veg,,omnivore,None of the above,,,,female,18-24,graduate_student,,,
4b338e0b-7507-400d-ac7a-b66a0d5eb165,,ucsb_graduate_event,veg,veg,,omnivore,None of the above,,,,female,18-24,graduate_student,,,
f142379f-4389-4f4c-8d29-fe9a6a435614,,ucsb_graduate_event,meat,veg,,omnivore,None of the above,,,,female,25-34,graduate_student,,,
ac4bdc4b-a15a-4ba4-a1ab-e7a7ef0b98a0,,ucsb_graduate_event,meat,veg,,omnivore,None of the above,,,,female,25-34,graduate_student,,,
3123451f-d1a7-40af-9b34-bb9fda14344f,,ucsb_graduate_event,veg,meat,,omnivore,None of the above,,,,female,25-34,graduate_student,,,
f6606487-212b-43c3-97d5-75a3ec7f7b75,DVB1,uta,veg,veg,veg,omnivore,Flexitarian,,,,,,,disagree,,Other
995f76a1-d0f8-411a-ae38-e42a6a78af32,DVB2,uta,veg,veg,veg,omnivore,Flexitarian,asian,Asian,not hispanic or latinx,male,,,disagree,,Environmental Impact
b7b90698-0403-45a6-b32f-48f788ebe888,DVB3,uta,meat,meat,meat,omnivore,Omnivorous,white,White,hispanic or latinx,female,,,agree,,Eating plant-based meals is not important to me.
4c0f64ad-fb88-4d7b-abeb-a49098acbca6,DVB4,uta,veg,veg,meat,,,,,,,,,very_strongly_agree,,Environmental Impact
b6af30d3-35de-47f3-8a21-6b72d5b27a85,DVB5,uta,veg,veg,veg,omnivore,Omnivorous,asian,Asian,not hispanic or latinx,female,,,disagree,,Environmental Impact
8d6046b0-b2b3-4b09-b707-96f18e480ec7,DVB6,uta,meat,meat,meat,omnivore,Omnivorous,white,White,not hispanic or latinx,female,,,agree,,Eating plant-based meals is not important to me.
0aa6f90c-4a9c-44b2-bb85-6d8e4ffddde2,DVB7,uta,veg,veg,veg,,Lacto-ovo-vegetarian,,,,,,,very_strongly_agree,,Other
81aa1370-50b6-41a5-90f2-5c0ca67f91f3,DVB8,uta,veg,veg,veg,vegan,Vegan,white,White,not hispanic or latinx,female,,,strongly_agree,,Environmental Impact
e1406e79-9b16-483b-8a2e-4a2a27b2ca70,DVB9,uta,meat,meat,meat,omnivore,Omnivorous,,"White,Asian",not hispanic or latinx,female,,,strongly_agree,,Health
c6d8c8bb-2c8a-410d-93c4-19cd184827fb,DVB10,uta,meat,veg,veg,,Lacto-ovo-vegetarian,asian,Asian,not hispanic or latinx,female,,,strongly_agree,,Health
d9aa726a-ef56-4f9e-92c4-ca782199f9b8,DVB11,uta,veg,meat,meat,omnivore,Omnivorous,asian,Asian,not hispanic or latinx,male,,,very_strongly_agree,,Delicious
0d1fb100-5031-4def-af26-c9e4d42770b0,DVB12,uta,veg,meat,meat,omnivore,Omnivorous,asian,Asian,not hispanic or latinx,female,,,neutral,,Eating plant-based meals is not important to me.
dd2466f0-53d4-4425-835c-a0ed0badc35c,DVB13,uta,meat,veg,veg,vegan,Vegan,white,White,not hispanic or latinx,male,,,strongly_agree,,Environmental Impact
501d9f97-4db9-47fe-9084-427616d689ba,DVB14,uta,veg,meat,meat,omnivore,Omnivorous,asian,Asian,not hispanic or latinx,female,,,strongly_agree,,Eating plant-based meals is not important to me.
3f3cbc26-513b-413b-adc1-952b2d265b44,DVB15,uta,meat,meat,meat,,Prefer not to say,,,,,,,very_strongly_agree,,Environmental Impact
a61f93a3-363a-4af8-a21e-8906624085e5,DVB16,uta,meat,meat,meat,,,,,,,,,very_strongly_agree,,Health
0ac3f233-7ac8-4df6-8630-7f486305f5cb,DVB17,uta,veg,veg,veg,,Pollotarian,black or african american,Black or African American,not hispanic or latinx,female,,,very_strongly_agree,,Health
cd2957ad-b969-42a2-a946-5012135521c1,DVB18,uta,meat,veg,veg,,Lacto-vegetarian,asian,Asian,not hispanic or latinx,female,,,disagree,,Other
